1,Hobie,Bergen,72600892
2,Francyne,Sioguí Arriba,42522545
3,Alexandr,Pasir Mas,18166457
4,Rick,Zlatni Pyasatsi,79618977
5,Hailee,Lokea,89524165
6,Susi,Mascouche,54397235
7,Maurizio,Klášterec nad Ohří,36939314
8,Andrei,Płoniawy-Bramura,40461391
9,Mar,Barra do Garças,60721630
10,Fayette,Pumwani,21232030
11,Theodosia,Novaya Lyalya,97074859
12,Tallie,Dumbéa,60883086
13,Whitby,Zlín,62088402
14,Gib,San Ramon,11907955
15,Juliette,Brotas,8609541
16,Mordecai,Monjas,42034371
17,Sabina,Legionowo,59907029
18,Mord,Qinnan,72756001
19,Garwin,Teutônia,21201291
20,Dolley,Erjiegou,22703474
21,Julius,Yuping,96266180
22,Stanton,Ubonratana,1144823
23,Carine,Escada,96448255
24,Jacquie,Kyenjojo,61780885
25,Gardner,Witihama,32398406
26,Theodore,Sindangbarang,19383297
27,Barret,Aeteke,3099198
28,Augustine,Cubatão,20581837
29,Susannah,Marsabit,58667116
30,Archibold,Uwa,14032171
31,Portie,Kalapagenep,27027517
32,Wells,Semīrom,414595
33,Bianka,Tranås,39213485
34,Cesaro,Rote,41707211
35,Merridie,Jiashan,53617314
36,Padraig,Itaquaquecetuba,2685629
37,Claudette,Paulpietersburg,89163302
38,Maris,Tais,33161589
39,Ardith,Baimi,38148869
40,Yance,Mandepa Barat,60649074
41,Elsi,Vareš,84868952
42,Iormina,Tibro,58185103
43,Jeremie,Sali,84115605
44,Christine,Kosmach,359820
45,Alessandra,Biên Hòa,27951545
46,Murial,Kivertsi,88559516
47,Lucita,Samadua,79975036
48,Helena,Kota Kinabalu,90224792
49,Mady,Alcoutim,75485973
50,Kingsly,Chishtiān Mandi,43627431
51,Muffin,Okocim,81456066
52,Amos,Tanjungbatu,1342322
53,Nessi,Daidaon,16129313
54,Brocky,Kondinskoye,22648105
55,Emmet,Le Tampon,8489069
56,Rachelle,Bogovinje,29219178
57,Kippar,Zapala,36353097
58,Zelig,Shankeng,14338924
59,Salvador,Mijiang,22672734
60,Raynor,Várzea Paulista,84469646
61,Antoni,Zürich,78637933
62,Eberhard,Thāru Shāh,13960118
63,Fabien,Valka,92705191
64,Ase,Santos Evos,36660346
65,Aldous,Yarabamba,75279725
66,Gregg,Sousa,15185705
67,Borden,Dzerzhinskiy,87429447
68,Zach,Tongchuan,93762935
69,Adan,Tha Bo,78385795
70,Sam,Liloan,30593460
71,Rockie,Hässelby,83990228
72,Michell,Wangjiaping,98518215
73,Garreth,Ābdānān,41826081
74,Henryetta,Kapinango,66067310
75,Warren,Rokietnica,37218330
76,Corrina,Miratejo,91585807
77,Xaviera,Bilalang,78447247
78,Minetta,Soraya,55244705
79,Aleksandr,Managua,596187
80,Kain,Saint Louis,35852926
81,Daffie,Hamilton,62249941
82,Sibbie,Taldom,50136332
83,Liza,Jasienica Rosielna,94053137
84,Leopold,Paulista,84561645
85,Hinze,Soroti,42337204
86,Rodney,Weekombaka,40877231
87,Mia,Bertioga,69842391
88,Bob,Huangshan,73413731
89,Winston,Dagup,76905615
90,Reilly,Kurmuk,20537912
91,Rae,Mesopotamía,34927117
92,Damita,Memphis,5504127
93,Royal,Mirontsi,15657556
94,Carmelle,Tippi,53217302
95,Goldia,Guangyubao,3735588
96,Janette,Francisco J Mujica,76770968
97,Sly,Fujieda,59171201
98,Viviyan,Lazaro Cardenas,37634541
99,Tommie,Des Moines,20143332
100,Daryl,Dondar Quşçu,33056396
101,Michell,Balayang,2393115
102,Meade,Palomoc,959595
103,Klarrisa,Wan Yai,66630015
104,Gunther,Mosquée,13463788
105,Percy,Sumbermanggis,52619059
106,Donna,Gómez,61985886
107,Lucinda,Obala,97978399
108,Bear,Salegading,64964087
109,Stella,Gislaved,2911707
110,Aurelea,Changmaoling,23796453
111,Llewellyn,Chuhuyiv,79994049
112,Nial,Zoetermeer,43480741
113,Leshia,Guangsheng,85243557
114,Mellie,Kauditan,98721709
115,Aarika,Huitán,3591081
116,Gennifer,Ubinskoye,9650519
117,Simone,San Marcos,90892394
118,Currey,Ningyang,7669806
119,Eddy,Buenavista,27111422
120,Cherish,Zouiat ech Cheïkh,3576663
121,Mel,Esperalvillo,68775609
122,Teodoro,Mandōl,42681881
123,Fran,Timóteo,22499908
124,Roshelle,Fenchen,76214392
125,Hildy,Cibitungmasjid,23221762
126,Neile,Chigorodó,52516650
127,Jermayne,Ujazd,89920858
128,Rossy,Escazú,43051591
129,Nelli,Duluth,5909614
130,Anstice,Creil,64663908
131,Daryn,Maués,69061876
132,Dimitry,Huancarqui,66183036
133,Lurleen,Ruangwa,11963519
134,Jamill,Sungaiduri,2469322
135,Hobey,Nanam,92624456
136,Elke,Makarska,13346508
137,Cletis,Tippi,14910896
138,Maje,Caidian,90114492
139,Isadore,San Felipe,74395094
140,Wendy,Tiarei,88467527
141,Bobette,Pugeran,83453723
142,Claybourne,Bardaï,59983946
143,Prent,Praingkareha,29757573
144,Rochette,Malaga,50053920
145,Felicia,Catumbela,26172309
146,Thadeus,Venâncio Aires,17022785
147,Pippa,Funtua,94527937
148,Delmore,Lipahan,23723387
149,Baxter,Porsgrunn,11010184
150,Merissa,Huanghua,75370766
151,Nanon,Pilar,56181660
152,Sully,Kawaliwu,63646168
153,Beniamino,Miguelópolis,7379115
154,Elly,Yongfu,67563901
155,Annecorinne,Nantes,82444912
156,Shannan,Pescara,51577665
157,Henrieta,Odesskoye,82247399
158,Mabelle,Rostov-na-Donu,7813621
159,Nicolina,Mashi,17891138
160,Kathleen,Seattle,50937027
161,Sabina,Tamandaré,93781988
162,Margarita,Canis,84524619
163,Gayler,Zafarwāl,36527219
164,Kevin,Filabusi,65374606
165,Francis,Sumberkindagan,25307679
166,Beryl,Nangewer,67493680
167,Phoebe,Pirajuí,89525054
168,Gussy,Mojoroto,85597824
169,Avictor,Pidigan,49699098
170,Happy,Meijiahe,15652474
171,Erminie,Svetlogorsk,70013430
172,Calhoun,Norrtälje,90904598
173,Hamlin,Taungoo,12493681
174,Krispin,Puksoozero,10814756
175,Mitchell,Kassel,29518942
176,Yankee,Itaboraí,15701364
177,Minta,La Labor,50309640
178,Ches,Nantes,10059045
179,Clarita,Kuwait City,68412058
180,Rosabel,Södra Sandby,87762976
181,Nicoline,Barwałd Średni,31884193
182,Imogen,Żarki,40626260
183,Fraser,Konotop,84761703
184,Goldina,Asunción Mita,90651372
185,Perrine,El Regalo,6439981
186,Eli,Boju,87442422
187,Vaughan,Ambatondrazaka,64978714
188,Morrie,Boljevci,92321013
189,Lucas,Melchor Ocampo,65168097
190,Ashlee,Ritaebang,32599327
191,Gene,Ōarai,77746872
192,Major,Elato,58872228
193,Maxim,Rancanyenang,50510749
194,Whit,Huangtugang,931921
195,Lyn,Novoselë,89824869
196,Elnar,Elias Fausto,13710
197,Monty,Ōkawara,61837054
198,Doralynne,Tánh Linh,59533312
199,Jess,Banjar Brahmanabukit,44395552
200,Dallon,Camaquã,36054605
201,Crista,Virolahti,91514029
202,Talbot,Mendenrejo,88388787
203,Jsandye,Petit Valley,8992786
204,Edmon,Owando,44516283
205,Gian,Indralayang,83114923
206,Tobe,Farroupilha,78793617
207,Lothaire,Itzig,10977153
208,Moshe,Kinatakutan,7434578
209,Malina,Ourovéni,25984766
210,Candra,Jiuli,1987096
211,Natty,Bealanana,20729962
212,Marjy,Az Zarbah,6767009
213,Merrel,Tuusniemi,23827137
214,Danna,Lyon,65790398
215,Dee,Zmijavci,82434848
216,Lizette,Bacong,70258105
217,Cristina,Monamon,74324806
218,Nelia,Yunxi,67708933
219,Hetty,Doubravice nad Svitavou,7113160
220,Lyndell,Guangyi,33936901
221,Marcella,El Rosario,98226181
222,Dalton,Solntsevo,57818653
223,Bentlee,Gamut,1599973
224,Leonard,Cimaragas,66946054
225,Joanna,Wiśniewo,33905074
226,Ardenia,Lazurne,48699077
227,Mia,Ust’-Isha,10701387
228,Kare,Kaltungo,91744349
229,May,Latacunga,88514297
230,Brant,Norman Wells,45507871
231,Isa,Teseney,7075483
232,Tito,Kirawsk,60990164
233,Ericha,Jundian,41329196
234,Kalli,Mariatana,95652600
235,Josias,Józefosław,96814229
236,Carolus,Changgai,77929389
237,Lazaro,New Mīrpur,70095554
238,Jennee,Ménaka,17880216
239,Worthington,Nīkêh,86339157
240,Zack,Jabinyānah,38143311
241,Leona,Villa Verde,87570720
242,Ansell,Buenaventura,97652532
243,Katya,Santa Rosa del Sara,50439644
244,Jacquenetta,Whittier,38231871
245,Aurora,Longquan,16543504
246,Durant,Santo Rosario,39113454
247,Vinny,Larangan,83958293
248,Elisa,Virden,83509538
249,Lemar,Velké Němčice,46536772
250,Samaria,Kotlovka,85095485
251,Blondelle,Jinping,41374366
252,Madonna,Gaizhou,94015354
253,Martie,Lucheng,77001733
254,Pieter,Opaka,32661187
255,Georgette,Aqtöbe,94175129
256,Aguistin,Lelkowo,4511114
257,Shalna,Laranjal Paulista,81617117
258,Candide,Hanting,57289360
259,Chip,Obertyn,49410758
260,Othello,Saint-Rémy-de-Provence,24673167
261,Beckie,Zonghan,81085316
262,Kimbell,Paka,12252986
263,Ethel,Maiac,64950508
264,Jack,Yuecheng,19928118
265,Levey,Kute,79805732
266,Ansley,Jiangwan,88981461
267,Ahmed,Krrabë,26402308
268,Cherilyn,Getahovit,26531065
269,Silvan,Dầu Tiếng,59015089
270,Teri,Puncakwangi,94764811
271,Dyane,Szydłowo,78956472
272,Daisi,Amieira,15978383
273,Blithe,Nazaré,19793707
274,Aubrey,Tsotsin-Yurt,92107748
275,Donaugh,Taghazout,78607401
276,Nerty,Bambor,2066971
277,Basia,Verkhnevilyuysk,75175698
278,Betteanne,Dasha,40665159
279,Tabby,Simimbaan,77471040
280,Stephi,Cihaladan,67094063
281,Chadwick,Ciusul,95394227
282,Niven,Áno Merá,50886259
283,Lin,Qiankeng,12872991
284,Angel,Kaliningrad,10163285
285,Coleen,Kokofata,70030963
286,Tracy,Liebu,36314556
287,Novelia,Annaka,19725233
288,Amabelle,Karibib,35632503
289,Budd,Fangxiang,73149486
290,Vale,Đắk Mâm,41813137
291,Bailie,Zaragoza,84939164
292,Stesha,Uścimów Stary,97748011
293,Tandie,Madrid,75021368
294,Lemuel,Maricá,1259069
295,Nappy,Chwałowice,98017340
296,Frederick,Dayuan,64323583
297,Ransom,Sumbe,25896367
298,Harmony,Oslo,46918959
299,Nikolaus,Khotsimsk,24136420
300,Kakalina,Svetlogorsk,96179070
301,Kat,Beni,56723548
302,Gayler,Castlebellingham,40569093
303,Lisbeth,Sumurasin,43083659
304,Aeriela,Darong,36770225
305,Waylin,Tualeu,76727961
306,El,Hexing,40080173
307,Belita,Sanjiang,44696848
308,Portie,Fareydūnshahr,10776158
309,Dominik,Erjia,26355400
310,Timofei,Massaranduba,21733840
311,Trevor,Suining,21613825
312,Kizzie,Shangmofang,18651553
313,Ulla,Lianfa,14995700
314,Lefty,Zhouhe,40656797
315,Ford,Krzczonów,32229421
316,Wallis,Selemadeg Kelod,3378856
317,Kristy,Chimanimani,89278365
318,Crista,Mogwase,86835627
319,Alanson,Santo Domingo,33123620
320,Glenda,Hovås,91718912
321,Consalve,Caigangan,45598573
322,Aimil,Sukkozero,71969832
323,Ambrosius,Colos,88416163
324,Sunny,Smithers,12444416
325,Darda,Matangshan,24852580
326,Catarina,Aisai,20836190
327,Abagail,Bagakay,98732515
328,Ennis,Chikeng,72541033
329,Ramsey,Florianópolis,57851725
330,Merell,Langádhia,56929971
331,Teressa,Jijiga,67680367
332,Shawn,Izbicko,49723934
333,Ethelbert,Fomento,37926375
334,Libbey,Gävle,21566142
335,Wilburt,Rajūzah,11255958
336,Flinn,Alcácer do Sal,425952
337,Reed,Witzenhausen,79581966
338,Phedra,Shaozhai,77797328
339,Claus,Tirat Karmel,9480025
340,Rikki,Ribeiro,26926937
341,Amalie,Sumberjati,9567734
342,Keely,Shuitou,47245250
343,Stefanie,Vilcún,35644481
344,Janene,Conceição da Feira,54021788
345,Effie,Sölvesborg,70564339
346,Rowena,Radiměř,34977813
347,Hannah,Sorochuco,81301863
348,Micky,Longhua,9514072
349,Garner,Porto União,23034429
350,Sileas,Ust’-Abakan,58817887
351,Denna,Waipare,30929528
352,Ewart,Tirhanimîne,66340749
353,Thomasa,La Lima,28371287
354,Constantino,Naawan,78481280
355,Margot,Saint-Étienne,25394564
356,Denice,Port Nolloth,21260554
357,Karee,Igoumenítsa,21529336
358,Philbert,Zakroczym,67293276
359,Caye,Cibodas,72906141
360,Stephanus,Cipolletti,35690493
361,Orran,Batouri,36173284
362,Gauthier,Kinmparana,49622219
363,Ario,Uddevalla,40392972
364,Berne,Hirado,98309392
365,Izaak,Černelavci,28467582
366,Wilmar,Itarana,69760455
367,Delmar,Tukan,88002174
368,Bord,Si’erbao,21382384
369,Kingsly,Bombardopolis,99056974
370,Alidia,Terra Chã,74150490
371,Manny,Greenville,314248
372,Tadio,Estaca,58120794
373,Veronique,Kletek,79910745
374,Tate,Phoenix,90236634
375,Luther,Changyŏn,64870446
376,Tiphani,Åmål,31067732
377,Jasmine,Kaczory,52610339
378,Cherida,Nueva Manoa,29466148
379,Jacquelynn,Fayzabad,25640683
380,Barnard,Adelaide,23932371
381,Callean,Wojsławice,64215445
382,Lenette,Satu Nou,14094721
383,Shelden,Guogan,39955839
384,Adrian,Amvrosiyivka,63198930
385,Winifred,Ivanteyevka,67643202
386,Jessie,Gò Quao,74517905
387,Kurt,New Orleans,2311818
388,Juliane,Deje,21872280
389,Karleen,Damiao,45448695
390,Fairfax,Ciawi,99129859
391,Dru,Várzea da Palma,21137298
392,Elsie,Solna,45454774
393,Gusta,Kol’chugino,69823217
394,Gianna,Nizhniye Vyazovyye,78071989
395,Drake,Linhares,49422118
396,Josee,Mithi,83969644
397,Phip,Val-de-Reuil,84646229
398,Emma,Pancas,39574070
399,Zorah,Lafayette,50966949
400,Leontine,Makīnsk,32863143
401,Lawry,Las Minas,68745383
402,Parnell,Rakitovo,4293507
403,Lil,Presidente Médici,962671
404,Kippar,Wonocoyo Utara,55004378
405,Miran,Avelar,69480531
406,Justus,Randudongkal,54891466
407,Rosemaria,Alvito,82544466
408,Vania,Fenais da Luz,66503498
409,Fin,Baojia,89875774
410,Chic,Palana,11363508
411,Jeanna,Kutampi,6836090
412,Letitia,Tsagaannuur,90886178
413,Gualterio,Mataloko,77328908
414,Julee,London,54051559
415,Jecho,Gorshechnoye,56808458
416,Theo,Karangpapak,98024883
417,Jareb,Gunung Talang,59074170
418,Verine,Nong Kung Si,79890132
419,Henriette,Cartagena del Chairá,25475737
420,Merrilee,Atikokan,10069675
421,Phyllys,Shipunovo,84818990
422,Kevin,Glatik,7967868
423,Kalil,Javorník,84433727
424,Agosto,Velyka Pysarivka,96066037
425,Mattheus,Ubatã,23007960
426,Betti,Shalakusha,91407885
427,Maddalena,Beiling,83490767
428,Haskel,Tubualá,88161117
429,Pat,Waihi Beach,88599591
430,Nicholas,Jiuhua,88600342
431,Sim,Dueñas,99431919
432,Emerson,Prosperous,66852838
433,Eduino,Shenwan,54250279
434,Archibald,Turanj,53244807
435,Hortense,Eusébio,59987901
436,Ashely,Dubréka,72281930
437,Gisela,Pyatigorskiy,559363
438,Flora,Hitachi,73781850
439,Jaquenette,Dallas,69212865
440,Ursuline,Azueira,70806618
441,Solomon,Peuhaq,75771329
442,Verine,Nova Petrópolis,86475098
443,Benito,Ouahigouya,29560039
444,Elnore,Białobrzegi,34240485
445,Alex,Colendra,49635062
446,Hobey,Rosario de Mora,48291273
447,Lorianne,Safed,59318068
448,Lin,Zubří,79610055
449,Dur,Prawdzinski,2177315
450,Arne,Szynwałd,74606101
451,Willabella,Dosso,81376991
452,Frazier,Mirsk,50219578
453,Douglas,Bapska,38894633
454,Brianna,Candelaria,75569519
455,Koo,Murovanoye,15856181
456,Latrena,Yangping,90441690
457,Rivi,Jedlińsk,74546167
458,Nananne,Pangrumasan,55966458
459,Elsinore,Sacramento,21109789
460,Candy,Concepción,81528978
461,Lonny,Primorsko-Akhtarsk,14802069
462,Babara,Lukunor,20425266
463,Conchita,Motomiya,43728525
464,Petrina,Blagodatnoye,23125748
465,Ruth,Anolaima,18428786
466,Haleigh,Hrušica,50698847
467,Ula,Gafargaon,35908924
468,Emmye,Mushu,54804857
469,Lucy,Al ‘Ayzarīyah,98558220
470,Lisette,Ōi,82422571
471,Adelaida,Ertai,12763511
472,Claresta,Okegawa,19078970
473,Guglielmo,Ceres,39344151
474,Zacharie,Fuquan,16739831
475,Dulsea,Ramat Yishay,23477618
476,Levey,Piojó,10664332
477,Gannie,Aix-en-Provence,62387946
478,Krista,Kapchorwa,49796985
479,Tabor,Aimin,70779600
480,Maurits,Kętrzyn,47205498
481,Wildon,Marsa Alam,30201127
482,Carline,Sanli,23451042
483,Marve,Xinxu,45606133
484,Les,Apalit,59244402
485,Elvin,Sandaogou,46386703
486,Quincey,Barra de São Francisco,54223278
487,Nev,Oematnunu,30286870
488,Cordelia,Claye-Souilly,32579258
489,Erik,Nagrak,96996495
490,Briney,Barkā’,76162950
491,Wash,Aubervilliers,37100250
492,Carce,Leijiadian,52501797
493,Teddie,New York City,24105515
494,Miles,Xo’jayli Shahri,17671270
495,Kaycee,Pekalongan,37281888
496,Domenico,Dalmeny,11669969
497,Linette,Rossosh’,90699023
498,Dunn,Xuhui,29471341
499,Binky,Brest,78453223
500,Greggory,Gulou,71627743
501,Walden,Karangsono,43241493
502,Willi,Borek,69288884
503,Renie,Petung,7881771
504,Devy,Neyvo-Rudyanka,55015645
505,Aksel,Luntai,70045195
506,Orsa,Carabayllo,41972226
507,Ceil,Penelas,12225350
508,Kally,Liudu,90873756
509,Kare,Funtua,34039255
510,Tobin,Okcheon,85215689
511,Gelya,Madolenihm Municipality Government,10398081
512,Purcell,Guazhou,16711148
513,Cassie,Kitakami,71396629
514,Vladimir,Jiujie,83688433
515,Carola,Bei’an,55920800
516,Curt,Sloboda,22395396
517,Sunshine,Cabimas,7485870
518,Jennifer,Panikihan,66045703
519,Andrea,Hongqi,88209842
520,Mable,Villa de Soto,47406465
521,Thia,Båstad,20482545
522,Donica,Wukeshu,91105856
523,Consolata,Qiaoxi,47191832
524,Frederique,Baozi,9734899
525,Tadd,Ailuk,65515000
526,Noby,Shahe,1271095
527,Carlo,Muara Siberut,7915761
528,Audy,Balesari,72487876
529,Barrie,Kolobovo,13308137
530,Shay,Gandusari,6589934
531,Zandra,Gose,32141816
532,Andonis,Mayuge,95392978
533,Dalenna,Bangus Kulon,20686908
534,Gates,Joaquín V. González,15932094
535,Teador,Bimbo,2406756
536,Eda,Tomingad,37615766
537,Eldredge,San Salvador de Jujuy,2168706
538,Sande,Basco,17949746
539,Syd,Áno Kalentíni,28596789
540,Chucho,Del Monte,92149689
541,Fey,Kapenguria,40595068
542,Allison,Xia’ertai,74930644
543,Farand,Verkhniye Achaluki,51507161
544,Silvio,Fort Worth,87713381
545,Katherina,Idi Rayeuk,62615418
546,Allin,Novogireyevo,60662307
547,Lynea,Longwei,88421454
548,Farlay,Novotroitsk,23471303
549,Inigo,Qabaqçöl,90212888
550,Wyatt,Tokmok,44554612
551,Howie,Lorino,14435099
552,Valdemar,Linshui,66510927
553,Trista,Mexico,59728895
554,Ardyce,Simo,31314942
555,Sterling,Villeneuve-lès-Avignon,64699067
556,Fredericka,Maria,26725755
557,Kaylyn,Emiliano Zapata,24602899
558,Courtenay,Liugong,46090965
559,Jacquie,Popayán,83085708
560,Meyer,Hartford,46256264
561,Tanner,Ciyun,20242813
562,Janka,Kinnula,23005162
563,Jacquelynn,Metz,44630665
564,Giusto,Bhiria,19617451
565,Malachi,San Pedro Sacatepéquez,20645091
566,Elsi,Kunów,46125712
567,Hashim,Fankeng,68521631
568,Windham,Shigutang,26872139
569,Tulley,Bāndarban,45351401
570,Corella,Bassar,31774818
571,Corinna,Concordia,85695224
572,Vitia,Hagerstown,8480356
573,Nero,Gelap,75379646
574,Hanny,Ninghai,8632680
575,Raynor,Manique de Baixo,70471518
576,Tymon,Ash Shafā,48119281
577,Derron,Semikarakorsk,69900008
578,Boone,Gembu,39207877
579,Esme,Huiyuan,31920265
580,Allister,Bokino,99997815
581,Holly,Qixia,4021761
582,Arlen,Nangen,12784757
583,Toddie,Gaogu,32878668
584,Marigold,Clisson,10612237
585,Moss,Itamarandiba,3675106
586,Jamaal,Tomepampa,99054444
587,Tobin,Bent Jbaïl,26872266
588,Pamela,Karlskoga,15708536
589,Ingaborg,Katrineholm,57062747
590,Gino,Smoky Lake,28064555
591,Jeddy,Aughrim,44529798
592,Jaquelin,Mailsi,94587521
593,Edwina,Gnosjö,15845393
594,Teddie,Ambian,4830393
595,Ganny,Ryczywół,56406886
596,Alvinia,Tougan,1171968
597,Lockwood,Honolulu,3097353
598,Giordano,Getahovit,5607478
599,Maurizia,Chantilly,5925628
600,Carlota,Venilale,28161942
601,Orson,Luče,68910849
602,Kipp,Puerto Parra,62237431
603,Niccolo,Cabañas,71653622
604,Anetta,Campo Formoso,48609751
605,Ripley,Dibba Al-Hisn,23335699
606,Beret,Stuttgart,13141692
607,Louis,Shiojiri,75519641
608,Chelsie,Yatsuomachi-higashikumisaka,79835192
609,Kristoffer,Angkahgede,51092791
610,Danette,Pinggan,38161467
611,North,Sabae,44120404
612,Delmar,Zhongzhai,38062767
613,Gwenni,Jinhua,24312370
614,Evelyn,Tejar,40089661
615,Crista,Bensonville,9143011
616,Kile,Hamhŭng,96168636
617,Mellicent,Chengzi,42078476
618,Raychel,Belén Gualcho,85078296
619,Dotty,Phu Khiao,34673634
620,Had,Stronie,59491091
621,Melisent,Mergayu,70047050
622,Dall,Qifang,2250274
623,Boycey,Binjiang,5076054
624,Philbert,Ventersdorp,99707558
625,Karolina,Campo Belo,4662843
626,Miguel,Rambouillet,16094454
627,Bidget,Iktābah,52376116
628,Essy,Cikuda,62680164
629,Gerhard,Cravo Norte,54977151
630,Gisella,Liverpool,1220270
631,Jenni,Nancy,40561070
632,Griffith,Ar Rujum,59653286
633,Ezmeralda,Malicboy,41817626
634,Davine,Jishigang,28565917
635,Reade,Tamisan,10975791
636,Loralee,Nogueira,27171940
637,Leeann,Zhongdong,73777435
638,Celene,Bokor,11720453
639,Carlynn,Peterhof,4191243
640,Katrine,Bludov,50285339
641,Gisele,Belén,32539632
642,Vonni,Rentian,2428842
643,Garek,Libice nad Cidlinou,79295722
644,Melisa,Hepu,92382417
645,Pammie,Hveragerði,71340184
646,Calley,Huangtang,46974555
647,Franky,Rio Claro,17693584
648,Chris,Bakıxanov,96243936
649,Geri,Ash Shuqayrah,89351802
650,Meg,Obubra,74926360
651,Melodie,Plandi,46506047
652,Michele,Nyakhachava,21574246
653,Callie,Miskindzha,71038168
654,Kare,Krzyżanów,46020280
655,Vaughan,Borodinskiy,56857491
656,Joy,Yefimovskiy,90764058
657,Kassi,Maykopskoye,74343450
658,Waverley,Bārkhān,52938083
659,Dominik,Oyem,97664682
660,Braden,Warungsugan,66027173
661,Dona,Feitoria,71243469
662,Kinsley,Puerto Colombia,52296723
663,Sean,Vallenar,66280978
664,Prentiss,Lok,35135143
665,Skipton,Somdet,69069655
666,Brian,Jinsheng,85759004
667,Marjie,Cotton Ground,64921450
668,Trina,Belozërsk,34968518
669,Bud,São Paio de Gramaços,55220735
670,Roslyn,Ciemas,34983387
671,Janeczka,Miguel Hidalgo,6731615
672,Madelle,Zarqa,53804409
673,Kayne,Takehara,26085871
674,Ferdie,Antipolo,33758520
675,Even,Jiaokou,53929576
676,Hildagarde,Nice,62369096
677,Benedicto,Methóni,49820353
678,Moritz,Seabra,35325312
679,Terrijo,Kolaka,37787307
680,Jackie,Sundsvall,55346642
681,Sibel,Pakapasan Ilir,67514960
682,Neddy,Gómfoi,25019885
683,Abbey,Shang Boingor,6056480
684,Ilise,Pulau Pinang,68531420
685,Shirl,Ubrub,98559732
686,Tamara,Paradela,62170426
687,Nettle,El Adelanto,66256148
688,Biron,Jawf al Maqbābah,5949193
689,Blair,Tabia,10153007
690,Ilyssa,Böhöt,1324377
691,Mathias,Annau,30268822
692,Tessie,Eg,39905867
693,Bondon,San Nicolas,26186526
694,Erminie,Shifang,6846692
695,Dilan,Ladozhskaya,88848264
696,Emmeline,Peña Blanca,36949180
697,Lotte,Divinópolis,68409003
698,Ayn,Situ,81708157
699,Rowland,Xiexiong,74374622
700,Rachelle,Jiumen,11538074
701,Carling,Chuanshan,55222988
702,Giorgia,Smoky Lake,39993912
703,Adrienne,Haoguantun,54895687
704,Kakalina,Sofifi,31163895
705,Tymon,Changtan,72276835
706,Waite,Cikajang,15481487
707,Ansel,Chervone,87084429
708,Murry,Staraya Stanitsa,84841198
709,Marleah,Nikolina Gora,9686537
710,Merrile,Juazeiro do Norte,91402681
711,Cordula,Göteborg,99841745
712,Devlin,Jelat,67960613
713,Poppy,Daxin,99231956
714,Hercules,Ħamrun,9105391
715,Dillon,Bertoua,53252220
716,Taddeusz,Jaboatão dos Guararapes,45760047
717,Rafferty,Itajubá,16827112
718,Aldo,San Rafael,11438182
719,Davin,Brzyska,1515352
720,Myrwyn,Shuimen,71349709
721,Torrie,Nanyang,85796001
722,Nan,Vysehrad,88914206
723,Charmane,Kasoa,44678010
724,Alla,Koton Karifi,55453912
725,Ailsun,Uyskoye,39891649
726,Brendin,Qingshan,21118049
727,Tanney,Semampirbarat,57937938
728,Meghann,Bascaron,31896648
729,Nonie,Gävle,30684152
730,Phylis,Dār Kulayb,29204394
731,Constance,Seara,5191622
732,Lambert,Mantes-la-Jolie,32087674
733,Alfredo,Rū-ye Sang,45336493
734,Cecelia,Mikulovice,38292209
735,Alidia,Cajamarca,1283421
736,Ingamar,Laojunpo,18734473
737,Charla,Pallasca,83718710
738,Justinian,Jianyi,39921695
739,Goran,Abomsa,53564697
740,Stephanie,Amahusu,69436831
741,Billie,Montijo,66759391
742,Cullan,Daigo,32909407
743,Darya,Mosoc Llacta,68151556
744,Erinn,Kirkton,97551243
745,Melisenda,Agenebode,99686229
746,Langston,Hazlov,73547436
747,Gwen,Chemin Grenier,32174651
748,Shaw,Poyang,50480796
749,Domingo,Xinlong,39179253
750,Joanna,Boston,76886371
751,Rowan,Poděbrady,46403928
752,Brigg,Rosário do Sul,38630748
753,Venus,Radišići,33315428
754,Kerianne,Lüfeng,11282043
755,Umberto,Zhangdian,16818960
756,Rebbecca,Ranot,24133561
757,Florina,General Pinedo,42537341
758,Tedda,Setun’,63918843
759,Sidonia,Hegarmulya,97699950
760,Petunia,Porto Martins,61438416
761,Aubrey,Yafan,23958641
762,Ilario,Ngreco,99402492
763,Idette,Lemahputih,33857154
764,Stacy,Pucangkrajan,97488652
765,Phoebe,Girón,81088858
766,Drucy,Naukot,56547000
767,Andreas,Montalegre,28020213
768,Cordey,Łodygowice,72929565
769,Libbie,Lelystad,606116
770,Hewe,Arosbaya,76361805
771,Juana,Valdemarsvik,26399965
772,Martin,Legionowo,82369037
773,Land,Shangsha,43978375
774,Glendon,Mora,42608810
775,Karlee,Hermosa,91609116
776,Humbert,Al Fashn,52173663
777,Homere,El Tránsito,21571653
778,Creigh,Daying,98411131
779,Aldric,Carapelhos,31600738
780,Allegra,Berea,8839735
781,Steffen,Dushk,42588413
782,Mindy,Cambanugoy,17751286
783,Ginevra,Melíssia,94254356
784,Kirk,Kozhevnikovo,47350848
785,Bridget,Brovary,34217487
786,Amabelle,Kostrovo,21164171
787,Otha,Konstantynów Łódzki,99861058
788,Siward,Wangdian,72002226
789,Nerti,Yanjiang,63534093
790,Ruttger,Futian,61651753
791,Kirk,Nagrumbuan,66105294
792,Licha,Kangar,36771369
793,Vinnie,Okpoga,32700447
794,Brandea,Yershov,84806946
795,Siusan,Herval,84798574
796,Rey,Kiikala,63694297
797,Michal,Czemierniki,44449805
798,Phillida,Manlio Fabio Altamirano,47702621
799,Torre,Angoulême,11114980
800,Pegeen,Čoka,54886862
801,Raff,Vetrino,63935436
802,Elsbeth,Miaoyu,21722461
803,Abraham,Sibucao,56916797
804,Marcel,Wakema,60445986
805,Delmore,Balkh,39631107
806,Janeva,Bến Tre,20710061
807,Melita,Nove-Misto,28546869
808,Binni,Andramasina,93102132
809,Nevil,Kalmar,69597716
810,Nalani,Baloc,67124316
811,Anita,Escada,44261355
812,Cynthia,Baojia,51351597
813,Eb,Oke Ila,25581968
814,Netti,Qili,90760625
815,Cele,Xiyang,56305071
816,Donall,Gunungkendeng,23086347
817,Marlena,Yanglin,54197459
818,Deonne,Krajan Sumurtawang,78374060
819,Brynn,Bogovinje,17908151
820,Elysha,Erdaohe,3567256
821,Dee,Maciejowice,47544650
822,Malvina,Orlu,9384539
823,Cacilia,Golcowa,94247252
824,Andreana,Wosai,89709516
825,Chantalle,Jacksonville,71201433
826,Orlan,Shitouhe,1449607
827,Averill,Sanshui,46052578
828,Norina,Tangjian,59715461
829,Dion,Olsztyn,36206153
830,Candy,Grand Rapids,90255833
831,Cully,Olszanica,29140296
832,Malchy,Garoua Boulaï,39062816
833,Kailey,Byczyna,27835478
834,Chere,Borås,23139575
835,Katalin,Balahovit,42576978
836,Orren,Parumasan,36143579
837,Cheryl,Tianya,18948880
838,Chiquita,Incheon,42163219
839,Nike,Pereira Barreto,83263172
840,Beckie,Wedoro,56261712
841,Abbey,Ngaruawahia,6161006
842,Delila,Nanyang,73615612
843,Lemmy,Södertälje,11487161
844,Kimberly,Pailiao,33530343
845,Merl,Bilian,20981504
846,Cornell,Jujur,18246234
847,Inigo,Chicago,95734098
848,Hendrick,Żernica,28887081
849,Buffy,Juradó,43729751
850,Josephina,Topeka,25059666
851,Cecily,Bayabas,76939592
852,Kailey,Sundsvall,24889199
853,Octavia,Estela,5191190
854,Andras,Chemnitz,20393756
855,Elvyn,Longueuil,33504544
856,Gale,Bromma,38461955
857,Eveline,Mentaraman Satu,25789942
858,Hurley,Kungshamn,34886651
859,Valencia,Singgugu,87007404
860,Jule,Plavsk,73174149
861,Blake,Tula,83133200
862,Alli,Koloniya Zastav’ye,29834070
863,Carena,Monte Francisco,89889163
864,Ted,Guadalupe,38040005
865,Alice,Coro,94024567
866,Tedi,Zicheng,95088674
867,Carlie,Buinsk,35260443
868,Bethina,Inuvik,59799217
869,Elmira,Tazemmourt,60224239
870,Jeanne,Huangling,52428874
871,Morley,Lipovljani,77208232
872,Micah,Dārayyā,7722227
873,Waylin,Rakhmanovo,36228337
874,Margaretha,Aracaju,31938169
875,Cassondra,Candating,28624956
876,Tanner,Fullerton,9424838
877,Thor,Xiangfeng,49830365
878,Roxane,Laironja,27427253
879,Auria,Nansheng,79160858
880,Eran,Selnica,43613381
881,Leoine,Leeds,34538610
882,Teodor,Aigínio,68231582
883,Nev,Zaoshi,12428572
884,Sandy,Saverne,94556772
885,Oriana,Jiazhuyuan,45930050
886,Deny,Espérance Trébuchet,42656849
887,Carroll,Jiuzhen,67705698
888,Xever,Dodoma,88126002
889,Stephen,Dukuhsawah,96210705
890,Iver,Sidi Slimane,79591029
891,Koral,Panyingkiran,16906043
892,Pattin,Zhanghekou,72797401
893,Evangelin,Namikupa,58221378
894,Grethel,Santo Domingo,35562142
895,Libbi,Ocala,66089148
896,Spence,Shahrak,31982733
897,Adela,Guacarí,93891678
898,Perceval,Erie,96866958
899,Ingeberg,Nijemci,67758525
900,Drusy,Weifen,93811477
901,Dirk,Meizhuang,40107778
902,Tarrah,Åmål,22074602
903,Vladimir,Xingquan,25717481
904,Wat,Lafayette,75846047
905,Antin,Zhuqi,69333968
906,Silvanus,Lopatyn,80761335
907,Dael,Ballitoville,59901338
908,Lira,Cértegui,49287841
909,Franciskus,Ras al-Khaimah,83083273
910,Mohandis,Qalqīlyah,7565169
911,Selby,Löddeköpinge,70619589
912,Carmine,Pétionville,44189964
913,Tawsha,Mira,21665926
914,Grayce,Tallinn,82995886
915,Thea,Cam Ranh,74897902
916,Baldwin,Galyugayevskaya,44419627
917,Husein,Al Bāriqīyah,32912063
918,Templeton,Caidian,5330722
919,Joyce,Sankui,72622547
920,Nicolina,Bicos,77647306
921,Karole,Otradnoye,39085254
922,Rubie,Gizo,21001151
923,Simone,Seka,89420585
924,Clem,Novovasylivka,42287710
925,Jolynn,Peuhaq,12833992
926,Arthur,Ciharalang,778897
927,Thomasa,Nalbandyan,69476536
928,Queenie,Laiwu,68411686
929,Jared,Ngasinan,58677082
930,Karolina,Igrim,5403782
931,Charmane,Néa Mákri,35083694
932,Frieda,Banjar Anyar,41556636
933,Rolf,Sangalhos,79525215
934,Henri,Pambuhan,96898598
935,Gherardo,Lipník nad Bečvou,36577214
936,Fleming,Cambrai,44060443
937,Rora,Nagua,97346625
938,Lillian,Xieyang,32664698
939,Ramsay,Kabalen,63754527
940,Bria,Toledo,3922544
941,Hoebart,Dingjia,15599847
942,Jamesy,Lipljan,63173447
943,Dev,Ramat Yishay,99904926
944,Aloysia,Kamalasai,52822594
945,Thane,Kapiri Mposhi,30548246
946,Gloriane,Villa Paula de Sarmiento,27702548
947,Etienne,Banjar Buahan,30855630
948,Matt,Casal Novo,15712307
949,Flin,Adtugan,60951381
950,Arden,Longqiao,26485775
951,Midge,Nariño,56766036
952,Ricky,Mendi,38219844
953,Lev,Yangxunqiao,59935675
954,Romeo,Dayton,13167374
955,Dietrich,Ogod,37332685
956,Vanni,Margamukti,12968274
957,Mohandis,Meybod,16290329
958,Karoly,Águia Branca,83330230
959,Roanne,Amor,82343139
960,Elka,Czerwionka-Leszczyny,6302910
961,Brian,Orsha,92055463
962,Ki,Labuhanlalar,66518679
963,Kimmi,Azurva,27014024
964,Molly,Kendalrejo,36747449
965,Keith,Tegarenkrajan,2560454
966,Cleveland,Dunaivtsi,4915546
967,Britni,Guashe,35390327
968,Pauly,Mós,96339209
969,Ambros,Tamanar,59072245
970,Flossi,Cincinnati,29043879
971,Bernadine,Kaabong,83050611
972,Ayn,Lanot,19552976
973,Jae,Luoshan,29174189
974,Pen,Boulogne-Billancourt,94183034
975,Giacinta,Washington,68679129
976,Sibel,城郊,21106392
977,Jerome,Olszówka,83835637
978,Halsy,Yucheng,14317342
979,Rosalyn,Tatarbunary,24905593
980,Shelli,Dogbo,10125639
981,Montague,Pedrogão,94961834
982,Leoine,Dobra,38897935
983,Michale,Pila,15423949
984,Guillaume,Xinqiaohe,21069355
985,Jereme,Yangirabot,88466750
986,Reinwald,Ambon,54923241
987,Merralee,Sieradza,7970910
988,Rosina,Huai Mek,18232657
989,Levey,Stavanger,7873206
990,Natala,Saint Petersburg,70970431
991,Viviene,Chuanshan,55764190
992,Kimmie,Bagong Sikat,18383801
993,Edy,Kuroiso,28870699
994,Virgie,Camp Thorel,88094271
995,Sim,Sakassou,27513417
996,Demetri,Kaburon,26274786
997,Thayne,Reni,85220667
998,Crosby,Fornelos,9215081
999,Cammie,Sasovo,16015687
1000,Haroun,Wakefield,81465315
